{
  "Description":"Integrate CodeCommit with CodePipeline to orchestrate a CodeDeploy deployment. **WARNING** This template creates one or more Amazon EC2 instances. You will be billed for the AWS resources used if you create a stack from this template.",
  "AWSTemplateFormatVersion":"2010-09-09",
  "Parameters":{
    "S3Bucket":{
      "Type":"String",
      "Default":"aws-codedeploy-us-east-1",
      "Description":"The unique bucket name where deployment distribution is located"
    },
    "S3Key":{
      "Type":"String",
      "Default":"samples/latest/SampleApp_Linux.zip",
      "Description":"The unique bucket name where deployment distribution is located"
    },
    "TagKey":{
      "Type":"String",
      "Default":"Name",
      "Description":"The tag name that is associated with EC2 instances on which CodeDeploy agent is installed"
    },
    "TagValue":{
      "Description":"The tag value that identifies this as a target for deployments.",
      "Type":"String",
      "Default":"CodeDeployEC2Tag",
      "AllowedPattern":"[\\x20-\\x7E]*",
      "ConstraintDescription":"Can contain only ASCII characters."
    },
    "RepositoryName":{
      "Description":"The name of the CodeCommit repo",
      "Type":"String",
      "Default":"codecommit-demo",
      "AllowedPattern":"[\\x20-\\x7E]*",
      "ConstraintDescription":"Can contain only ASCII characters."
    },
    "RepositoryBranch":{
      "Description":"The name of the branch for the CodeCommit repo",
      "Type":"String",
      "Default":"master",
      "AllowedPattern":"[\\x20-\\x7E]*",
      "ConstraintDescription":"Can contain only ASCII characters."
    },
    "EC2KeyPairName":{
      "Description":"Name of an existing Amazon EC2 key pair to enable SSH access to the instances.",
      "Type":"AWS::EC2::KeyPair::KeyName",
      "MinLength":"1",
      "MaxLength":"255",
      "AllowedPattern":"[\\x20-\\x7E]*",
      "ConstraintDescription":"Can contain only ASCII characters."
    }
  },
  "Metadata":{
    "AWS::CloudFormation::Interface":{
      "ParameterGroups":[
        {
          "Label":{
            "default":"Dynamic Configuration"
          },
          "Parameters":[
            "EC2KeyPairName",
            "RepositoryName",
            "RepositoryBranch",
            "TagValue"
          ]
        }
      ],
      "ParameterLabels":{
        "EC2KeyPairName":{
          "default":"EC2 KeyPair Name"
        },
        "RepositoryName":{
          "default":"CodeCommit Repository Name"
        },
        "RepositoryBranch":{
          "default":"CodeCommit Repository Branch"
        },
        "TagValue":{
          "default":"Tag Value for CodeDeploy EC2 instances"
        }
      }
    }
  },
  "Resources":{
    "CodePipelineRole":{
      "Type":"AWS::IAM::Role",
      "Properties":{
        "AssumeRolePolicyDocument":{
          "Statement":[
            {
              "Effect":"Allow",
              "Principal":{
                "Service":[
                  "codepipeline.amazonaws.com"
                ]
              },
              "Action":[
                "sts:AssumeRole"
              ]
            }
          ]
        },
        "Path":"/",
        "Policies":[
          {
            "PolicyName":"codepipeline-service",
            "PolicyDocument":{
              "Statement":[
                {
                  "Action":[
                    "codecommit:GetBranch",
                    "codecommit:GetCommit",
                    "codecommit:UploadArchive",
                    "codecommit:GetUploadArchiveStatus",
                    "codecommit:CancelUploadArchive"
                  ],
                  "Resource":"*",
                  "Effect":"Allow"
                },
                {
                  "Action":[
                    "s3:GetObject",
                    "s3:GetObjectVersion",
                    "s3:GetBucketVersioning"
                  ],
                  "Resource":"*",
                  "Effect":"Allow"
                },
                {
                  "Action":[
                    "s3:PutObject"
                  ],
                  "Resource":[
                    "arn:aws:s3:::codepipeline*",
                    "arn:aws:s3:::elasticbeanstalk*"
                  ],
                  "Effect":"Allow"
                },
                {
                  "Action":[
                    "codedeploy:CreateDeployment",
                    "codedeploy:GetApplicationRevision",
                    "codedeploy:GetDeployment",
                    "codedeploy:GetDeploymentConfig",
                    "codedeploy:RegisterApplicationRevision"
                  ],
                  "Resource":"*",
                  "Effect":"Allow"
                },
                {
                  "Action":[
                    "elasticbeanstalk:*",
                    "ec2:*",
                    "elasticloadbalancing:*",
                    "autoscaling:*",
                    "cloudwatch:*",
                    "s3:*",
                    "sns:*",
                    "cloudformation:*",
                    "rds:*",
                    "sqs:*",
                    "ecs:*",
                    "iam:PassRole"
                  ],
                  "Resource":"*",
                  "Effect":"Allow"
                },
                {
                  "Action":[
                    "lambda:InvokeFunction",
                    "lambda:ListFunctions"
                  ],
                  "Resource":"*",
                  "Effect":"Allow"
                }
              ],
              "Version":"2012-10-17"
            }
          }
        ]
      }
    },
    "CodeDeployEC2InstancesStack":{
      "Type":"AWS::CloudFormation::Stack",
      "Properties":{
        "TemplateURL":"http://s3.amazonaws.com/aws-codedeploy-us-east-1/templates/latest/CodeDeploy_SampleCF_Template.json",
        "TimeoutInMinutes":"60",
        "Parameters":{
          "TagValue":{
            "Ref":"TagValue"
          },
          "KeyPairName":{
            "Ref":"EC2KeyPairName"
          }
        }
      }
    },
    "MyApplication":{
      "Type":"AWS::CodeDeploy::Application",
      "DependsOn":"CodeDeployEC2InstancesStack"
    },
    "MyDeploymentGroup":{
      "Type":"AWS::CodeDeploy::DeploymentGroup",
      "DependsOn":"MyApplication",
      "Properties":{
        "ApplicationName":{
          "Ref":"MyApplication"
        },
        "Deployment":{
          "Description":"First time",
          "IgnoreApplicationStopFailures":"true",
          "Revision":{
            "RevisionType":"S3",
            "S3Location":{
              "Bucket":{
                "Ref":"S3Bucket"
              },
              "BundleType":"Zip",
              "Key":{
                "Ref":"S3Key"
              }
            }
          }
        },
        "Ec2TagFilters":[
          {
            "Key":{
              "Ref":"TagKey"
            },
            "Value":{
              "Ref":"TagValue"
            },
            "Type":"KEY_AND_VALUE"
          }
        ],
        "ServiceRoleArn":{
          "Fn::GetAtt":[
            "CodeDeployEC2InstancesStack",
            "Outputs.CodeDeployTrustRoleARN"
          ]
        }
      }
    },
    "CodePipelineStack":{
      "Type":"AWS::CodePipeline::Pipeline",
      "Properties":{
        "RoleArn":{
          "Fn::Join":[
            "",
            [
              "arn:aws:iam::",
              {
                "Ref":"AWS::AccountId"
              },
              ":role/",
              {
                "Ref":"CodePipelineRole"
              }
            ]
          ]
        },
        "Stages":[
          {
            "Name":"Source",
            "Actions":[
              {
                "InputArtifacts":[

                ],
                "Name":"Source",
                "ActionTypeId":{
                  "Category":"Source",
                  "Owner":"AWS",
                  "Version":"1",
                  "Provider":"CodeCommit"
                },
                "OutputArtifacts":[
                  {
                    "Name":"MyApp"
                  }
                ],
                "Configuration":{
                  "BranchName":{
                    "Ref":"RepositoryBranch"
                  },
                  "RepositoryName":{
                    "Ref":"RepositoryName"
                  }
                },
                "RunOrder":1
              }
            ]
          },
          {
            "Name":"Beta",
            "Actions":[
              {
                "InputArtifacts":[
                  {
                    "Name":"MyApp"
                  }
                ],
                "Name":"DemoFleet",
                "ActionTypeId":{
                  "Category":"Deploy",
                  "Owner":"AWS",
                  "Version":"1",
                  "Provider":"CodeDeploy"
                },
                "OutputArtifacts":[

                ],
                "Configuration":{
                  "ApplicationName":{
                    "Ref":"MyApplication"
                  },
                  "DeploymentGroupName":{
                    "Ref":"MyDeploymentGroup"
                  }
                },
                "RunOrder":1
              }
            ]
          }
        ],
        "ArtifactStore":{
          "Type":"S3",
          "Location":{
            "Fn::Join":[
              "",
              [
                "codepipeline-",
                {
                  "Ref":"AWS::Region"
                },
                "-",
                {
                  "Ref":"AWS::AccountId"
                }
              ]
            ]
          }
        }
      }
    }
  },
  "Outputs":{
    "CodeDeployDeploymentGroup":{
      "Value":{
        "Ref":"MyDeploymentGroup"
      }
    },
    "CodePipelineRole":{
      "Value":{
        "Ref":"CodePipelineRole"
      }
    },
    "PipelineUrl":{
      "Value":{
        "Fn::Join":[
          "",
          [
            "https://console.aws.amazon.com/codepipeline/home?region=",
            {
              "Ref":"AWS::Region"
            },
            "#/view/",
            {
              "Ref":"CodePipelineStack"
            }
          ]
        ]
      },
      "Description":"Pipeline Url"
    }
  }
}