{
  "AWSTemplateFormatVersion":"2010-09-09",
  "Description":"Stelligent CloudFormation Sample Template Static Web Server: Launches OpsWorks stack, layer, instances and associated resources to run a Node.js application provided by AWS. ** This template creates one or more Amazon EC2 instances. You will be billed for the AWS resources used if you create a stack from this template.",
  "Parameters":{
    "S3BucketLambdaFunction":{
      "Type":"String",
      "Description":"S3 bucket to use for artifacts. Just bucket Name; not URL. IAM user should have access to the bucket.",
      "Default":"stelligent-training-public"
    },
    "Version":{
      "Type":"String",
      "Default":"1"
    }
  },
  "Resources":{
    "LambdaExecutionRole":{
      "Type":"AWS::IAM::Role",
      "Properties":{
        "AssumeRolePolicyDocument":{
          "Version":"2012-10-17",
          "Statement":[
            {
              "Sid":"",
              "Effect":"Allow",
              "Principal":{
                "Service":"lambda.amazonaws.com"
              },
              "Action":"sts:AssumeRole"
            }
          ]
        },
        "Policies":[
          {
            "PolicyName":"root",
            "PolicyDocument":{
              "Version":"2012-10-17",
              "Statement":[
                {
                  "Effect":"Allow",
                  "Action":[
                    "logs:*"
                  ],
                  "Resource":"arn:aws:logs:*:*:*"
                },
                {
                  "Effect":"Allow",
                  "Action":[
                    "lambda:AddPermission"
                  ],
                  "Resource":[
                    "*"
                  ]
                }
              ]
            }
          }
        ]
      }
    },
    "LambdaCodePipelineExecutionPolicy":{
      "DependsOn":[
        "CodePipelineLambdaRole"
      ],
      "Type":"AWS::IAM::Policy",
      "Properties":{
        "PolicyName":"LambdaRolePolicy",
        "Roles":[
          {
            "Ref":"CodePipelineLambdaRole"
          }
        ],
        "PolicyDocument":{
          "Version":"2012-10-17",
          "Statement":[
            {
              "Effect":"Allow",
              "Action":[
                "logs:*"
              ],
              "Resource":[
                "arn:aws:logs:*:*:*"
              ]
            },
            {
              "Effect":"Allow",
              "Action":[
                "codepipeline:PutJobSuccessResult",
                "codepipeline:PutJobFailureResult"
              ],
              "Resource":[
                "*"
              ]
            }
          ]
        }
      }
    },
    "CodePipelineLambdaRole":{
      "Type":"AWS::IAM::Role",
      "Properties":{
        "AssumeRolePolicyDocument":{
          "Version":"2012-10-17",
          "Statement":[
            {
              "Effect":"Allow",
              "Principal":{
                "Service":[
                  "lambda.amazonaws.com"
                ]
              },
              "Action":[
                "sts:AssumeRole"
              ]
            }
          ]
        },
        "Path":"/"
      }
    },
    "CodePipelineLambdaDummy":{
      "Type":"AWS::Lambda::Function",
      "DependsOn":[
        "CodePipelineLambdaRole",
        "LambdaCodePipelineExecutionPolicy"
      ],
      "Properties":{
        "Code":{
          "S3Bucket":{
            "Ref":"S3BucketLambdaFunction"
          },
          "S3Key":"Archive.zip"
        },
        "Role":{
          "Fn::GetAtt":[
            "CodePipelineLambdaRole",
            "Arn"
          ]
        },
        "Description":"Always return success",
        "Timeout":20,
        "Handler":"lambdadummy.handler",
        "Runtime":"nodejs",
        "MemorySize":128
      }
    },
    "CodePipelineStack":{
      "Type":"AWS::CodePipeline::Pipeline",
      "DependsOn":[
        "CodePipelineLambdaDummy"
      ],
      "Properties":{
        "RoleArn":{
          "Fn::Join":[
            "",
            [
              "arn:aws:iam::",
              {
                "Ref":"AWS::AccountId"
              },
              ":role/AWS-CodePipeline-Service"
            ]
          ]
        },
        "Stages":[
          {
            "Name":"Source",
            "Actions":[
              {
                "InputArtifacts":[

                ],
                "Name":"Source",
                "ActionTypeId":{
                  "Category":"Source",
                  "Owner":"AWS",
                  "Version":"1",
                  "Provider":"S3"
                },
                "OutputArtifacts":[
                  {
                    "Name":"MyApp"
                  }
                ],
                "Configuration":{
                  "S3Bucket":{
                    "Ref":"S3BucketLambdaFunction"
                  },
                  "S3ObjectKey":"public/codepipeline/aws-codepipeline-s3-aws-codedeploy_linux.zip"
                },
                "RunOrder":1
              }
            ]
          },
          {
            "Name":"Commit",
            "Actions":[
              {
                "InputArtifacts":[

                ],
                "Name":"Build",
                "ActionTypeId":{
                  "Category":"Invoke",
                  "Owner":"AWS",
                  "Version":"1",
                  "Provider":"Lambda"
                },
                "OutputArtifacts":[

                ],
                "Configuration":{
                  "FunctionName":{
                    "Ref":"CodePipelineLambdaDummy"
                  },
                  "UserParameters":{
                    "Ref":"AWS::StackName"
                  }
                },
                "RunOrder":1
              }
            ]
          }
        ],
        "ArtifactStore":{
          "Type":"S3",
          "Location":{
            "Ref":"S3BucketLambdaFunction"
          }
        }
      }
    }
  },
  "Outputs":{
    "StackName":{
      "Description":"StackName for this stack",
      "Value":{
        "Ref":"AWS::StackName"
      }
    },
    "CodePipelineURL":{
      "Description":"URL for generated pipeline in CodePipeline console",
      "Value":{
        "Fn::Join":[
          "",
          [
            "https://console.aws.amazon.com/codepipeline/home?region=",
            {
              "Ref":"AWS::Region"
            },
            "#/view/",
            {
              "Ref":"CodePipelineStack"
            }
          ]
        ]
      }
    }
  }
}
