[
  {
    "ParameterKey": "Owner",
    "ParameterValue": "First Last"
  },
  {
    "ParameterKey": "Project",
    "ParameterValue": "Autoscaling Baked AMI Webapp Stack Creation"
  },
  {
    "ParameterKey": "DeleteAfter",
    "ParameterValue": "08/01/2016"
  },
  {
    "ParameterKey": "VPC",
    "ParameterValue": "vpc-00000000"
  },
  {
    "ParameterKey": "PublicSubnet1",
    "ParameterValue": "subnet-00000000"
  },
  {
    "ParameterKey": "PublicSubnet2",
    "ParameterValue": "subnet-00000000"
  },
  {
    "ParameterKey": "PublicSubnet3",
    "ParameterValue": "subnet-00000000"
  },
  {
    "ParameterKey": "PrivateSubnet1",
    "ParameterValue": "subnet-00000000"
  },
  {
    "ParameterKey": "PrivateSubnet2",
    "ParameterValue": "subnet-00000000"
  },
  {
    "ParameterKey": "PrivateSubnet3",
    "ParameterValue": "subnet-00000000"
  },
  {
    "ParameterKey": "PublicNetworkAcl",
    "ParameterValue": "acl-00000000"
  },
  {
    "ParameterKey": "InstanceType",
    "ParameterValue": "m3.medium"
  },
  {
    "ParameterKey": "AMI",
    "ParameterValue": "ami-00000000"
  },
  {
    "ParameterKey": "Ec2KeyPair",
    "ParameterValue": "dev"
  },
  {
    "ParameterKey": "MinAutoScaleCount",
    "ParameterValue": "3"
  },
  {
    "ParameterKey": "MaxAutoScaleCount",
    "ParameterValue": "6"
  },
  {
    "ParameterKey": "InternalAccessSecurityGroup",
    "ParameterValue": "sg-00000000"
  },
  {
    "ParameterKey": "RemoteSecurityGroup",
    "ParameterValue": "sg-00000000"
  },
  {
    "ParameterKey": "ConfigureDns",
    "ParameterValue": "true"
  },
  {
    "ParameterKey": "Route53ElbAlias",
    "ParameterValue": "www.hecklejeckle.com"
  },
  {
    "ParameterKey": "UseSsl",
    "ParameterValue": "false"
  },
  {
    "ParameterKey": "ElbHttpListeningPort",
    "ParameterValue": "80"
  },
  {
    "ParameterKey": "InstanceHttpListeningPort",
    "ParameterValue": "80"
  },
  {
    "ParameterKey": "SetupElbLogging",
    "ParameterValue": "true"
  }
]