[
  {
    "ParameterKey": "Owner",
    "ParameterValue": "Levon Becker"
  },
  {
    "ParameterKey": "Project",
    "ParameterValue": "VPC Creation"
  },
  {
    "ParameterKey": "DeleteAfter",
    "ParameterValue": "Never"
  },
  {
    "ParameterKey": "RemoteCidrForSecurityGroup",
    "ParameterValue": "192.168.25.100/0"
  },
  {
    "ParameterKey": "RemoteCidrForPublicAcl",
    "ParameterValue": "33.39.33.33/32"
  },
  {
    "ParameterKey": "VPCSubnetCidrBlock",
    "ParameterValue": "10.20.0.0/16"
  },
  {
    "ParameterKey": "PublicSubnetCidrBlock1",
    "ParameterValue": "10.20.1.0/24"
  },
  {
    "ParameterKey": "PublicSubnetCidrBlock2",
    "ParameterValue": "10.20.2.0/24"
  },
  {
    "ParameterKey": "PublicSubnetCidrBlock3",
    "ParameterValue": "10.20.3.0/24"
  },
  {
    "ParameterKey": "PrivateSubnetCidrBlock1",
    "ParameterValue": "10.20.4.0/24"
  },
  {
    "ParameterKey": "PrivateSubnetCidrBlock2",
    "ParameterValue": "10.20.5.0/24"
  },
  {
    "ParameterKey": "PrivateSubnetCidrBlock3",
    "ParameterValue": "10.20.6.0/24"
  },
  {
    "ParameterKey": "AvailabilityZone1",
    "ParameterValue": "a"
  },
  {
    "ParameterKey": "AvailabilityZone2",
    "ParameterValue": "b"
  },
  {
    "ParameterKey": "AvailabilityZone3",
    "ParameterValue": "c"
  }
]