<?xml version='1.0' encoding='UTF-8'?>
<project>
  <actions/>
  <description></description>
  <keepDependencies>false</keepDependencies>
  <properties />
  <scm class="com.amazonaws.codepipeline.jenkinsplugin.AWSCodePipelineSCM" plugin="codepipeline@0.6">
    <clearWorkspace>true</clearWorkspace>
    <projectName>APPNAME</projectName>
    <actionTypeCategory>Build</actionTypeCategory>
    <actionTypeProvider>APPNAME-Jenkins</actionTypeProvider>
    <actionTypeVersion>1</actionTypeVersion>
    <region>REGION</region>
    <awsAccessKey></awsAccessKey>
    <awsSecretKey></awsSecretKey>
    <proxyHost></proxyHost>
    <proxyPort>0</proxyPort>
    <awsClientFactory/>
  </scm>
  <canRoam>true</canRoam>
  <disabled>false</disabled>
  <blockBuildWhenDownstreamBuilding>false</blockBuildWhenDownstreamBuilding>
  <blockBuildWhenUpstreamBuilding>false</blockBuildWhenUpstreamBuilding>
  <triggers>
    <hudson.triggers.SCMTrigger>
      <spec>* * * * *</spec>
      <ignorePostCommitHooks>false</ignorePostCommitHooks>
    </hudson.triggers.SCMTrigger>
  </triggers>
  <concurrentBuild>true</concurrentBuild>
  <builders>
    <hudson.tasks.Shell>
      <command>bash ./configure-ecs.sh MY_STACK MY_ACCTID MY_ECR </command>
    </hudson.tasks.Shell>
  </builders>
  <publishers>
    <com.amazonaws.codepipeline.jenkinsplugin.AWSCodePipelinePublisher plugin="codepipeline@0.6">
      <buildOutputs>
        <com.amazonaws.codepipeline.jenkinsplugin.AWSCodePipelinePublisher_-OutputTuple>
          <outputString></outputString>
        </com.amazonaws.codepipeline.jenkinsplugin.AWSCodePipelinePublisher_-OutputTuple>
      </buildOutputs>
      <awsClientFactory/>
    </com.amazonaws.codepipeline.jenkinsplugin.AWSCodePipelinePublisher>
  </publishers>
  <buildWrappers>
    <hudson.plugins.ansicolor.AnsiColorBuildWrapper plugin="ansicolor@0.4.1">
      <colorMapName>xterm</colorMapName>
    </hudson.plugins.ansicolor.AnsiColorBuildWrapper>
  </buildWrappers>
</project>
