[
  {
    "ParameterKey": "Owner",
    "ParameterValue": "Levon Becker"
  },
  {
    "ParameterKey": "Project",
    "ParameterValue": "Autoscaling Baked AMI Webapp Stack Creation"
  },
  {
    "ParameterKey": "DeleteAfter",
    "ParameterValue": "08/01/2016"
  },
  {
    "ParameterKey": "VPC",
    "ParameterValue": "vpc-b9f488dd"
  },
  {
    "ParameterKey": "PublicSubnet",
    "ParameterValue": "subnet-24197570"
  },
  {
    "ParameterKey": "InternalAccessSecurityGroup",
    "ParameterValue": "sg-69d8410f"
  },
  {
    "ParameterKey": "RemoteSecurityGroup",
    "ParameterValue": "sg-50d8410d"
  },
  {
    "ParameterKey": "Ec2KeyPair",
    "ParameterValue": "bonusbits-dev"
  }
]