{
  "AWSTemplateFormatVersion":"2010-09-09",
  "Description":"Launches an EC2 instance. Launches CodeDeploy application and deployment group. Uses CodeDeploy resources in creating a generic CodePipeline Stack",
  "Parameters":{
    "S3Bucket":{
      "Type":"String",
      "Description":"S3 bucket to use for artifacts. Just bucket Name; not URL. IAM user should have access to the bucket.",
      "Default":"stelligent-public"
    },
    "S3Key":{
      "Type":"String",
      "Description":"S3 key within S3Bucket.",
      "Default":"cloudformation-templates/github/example-apps/aws-codepipeline-s3-aws-codedeploy_linux.zip"
    },
    "KeyName":{
      "Description":"Name of an existing Amazon EC2 key pair to enable SSH or RDP access to the instances.",
      "Type":"AWS::EC2::KeyPair::KeyName",
      "MinLength":"1",
      "MaxLength":"255",
      "AllowedPattern":"[\\x20-\\x7E]*",
      "ConstraintDescription":"Can contain only ASCII characters."
    }
  },
  "Resources":{
    "CodeDeployEC2InstancesStack":{
      "Type":"AWS::CloudFormation::Stack",
      "Properties":{
        "TemplateURL":"https://s3.amazonaws.com/stelligent-public/cloudformation-templates/github/labs/codepipeline/codedeploy-ec2.json",
        "TimeoutInMinutes":"60",
        "Parameters":{
          "TagValue":{
            "Ref":"AWS::StackName"
          },
          "KeyPairName":{
            "Ref":"KeyName"
          }
        }
      }
    },
    "CodeDeploySimpleStack":{
      "Type":"AWS::CloudFormation::Stack",
      "DependsOn":"CodeDeployEC2InstancesStack",
      "Properties":{
        "TemplateURL":"https://s3.amazonaws.com/stelligent-public/cloudformation-templates/github/labs/codepipeline/codedeploy-deployment.json",
        "TimeoutInMinutes":"60",
        "Parameters":{
          "TagValue":{
            "Ref":"AWS::StackName"
          },
          "RoleArn":{
            "Fn::GetAtt":[
              "CodeDeployEC2InstancesStack",
              "Outputs.CodeDeployTrustRoleARN"
            ]
          },
          "Bucket":{
            "Ref":"S3Bucket"
          },
          "Key":{
            "Ref":"S3Key"
          }
        }
      }
    },
    "LambdaCodePipelineExecutionPolicy":{
      "DependsOn":[
        "CodePipelineLambdaRole"
      ],
      "Type":"AWS::IAM::Policy",
      "Properties":{
        "PolicyName":"LambdaRolePolicy",
        "Roles":[
          {
            "Ref":"CodePipelineLambdaRole"
          }
        ],
        "PolicyDocument":{
          "Version":"2012-10-17",
          "Statement":[
            {
              "Effect":"Allow",
              "Action":[
                "logs:*"
              ],
              "Resource":[
                "arn:aws:logs:*:*:*"
              ]
            },
            {
              "Effect":"Allow",
              "Action":[
                "codepipeline:PutJobSuccessResult",
                "codepipeline:PutJobFailureResult"
              ],
              "Resource":[
                "*"
              ]
            }
          ]
        }
      }
    },
    "CodePipelineLambdaRole":{
      "Type":"AWS::IAM::Role",
      "Properties":{
        "AssumeRolePolicyDocument":{
          "Version":"2012-10-17",
          "Statement":[
            {
              "Effect":"Allow",
              "Principal":{
                "Service":[
                  "lambda.amazonaws.com"
                ]
              },
              "Action":[
                "sts:AssumeRole"
              ]
            }
          ]
        },
        "Path":"/"
      }
    },
    "CodePipelineLambdaTest":{
      "Type":"AWS::Lambda::Function",
      "DependsOn":[
        "CodePipelineLambdaRole",
        "LambdaCodePipelineExecutionPolicy"
      ],
      "Properties":{
        "Code":{
          "S3Bucket":{
            "Ref":"S3Bucket"
          },
          "S3Key":"Archive.zip"
        },
        "Role":{
          "Fn::GetAtt":[
            "CodePipelineLambdaRole",
            "Arn"
          ]
        },
        "Description":"Validate a website URL",
        "Timeout":20,
        "Handler":"validateurl.handler",
        "Runtime":"nodejs4.3",
        "MemorySize":128
      }
    },
    "GenericPipeline":{
      "Type":"AWS::CodePipeline::Pipeline",
      "DependsOn":[
        "CodeDeploySimpleStack",
        "CodePipelineLambdaTest"
      ],
      "Properties":{
        "DisableInboundStageTransitions":[
          {
            "Reason":"Demonstration",
            "StageName":"Production"
          }
        ],
        "RoleArn":{
          "Fn::Join":[
            "",
            [
              "arn:aws:iam::",
              {
                "Ref":"AWS::AccountId"
              },
              ":role/AWS-CodePipeline-Service"
            ]
          ]
        },
        "Stages":[
          {
            "Name":"Source",
            "Actions":[
              {
                "InputArtifacts":[

                ],
                "Name":"Source",
                "ActionTypeId":{
                  "Category":"Source",
                  "Owner":"AWS",
                  "Version":"1",
                  "Provider":"S3"
                },
                "OutputArtifacts":[
                  {
                    "Name":"MyApp"
                  }
                ],
                "Configuration":{
                  "S3Bucket":{
                    "Ref":"S3Bucket"
                  },
                  "S3ObjectKey":{
                    "Ref":"S3Key"
                  }
                },
                "RunOrder":1
              }
            ]
          },
          {
            "Name":"Beta",
            "Actions":[
              {
                "InputArtifacts":[
                  {
                    "Name":"MyApp"
                  }
                ],
                "Name":{
                  "Fn::GetAtt":[
                    "CodeDeploySimpleStack",
                    "Outputs.MyDeploymentGroup"
                  ]
                },
                "ActionTypeId":{
                  "Category":"Deploy",
                  "Owner":"AWS",
                  "Version":"1",
                  "Provider":"CodeDeploy"
                },
                "OutputArtifacts":[

                ],
                "Configuration":{
                  "ApplicationName":{
                    "Fn::GetAtt":[
                      "CodeDeploySimpleStack",
                      "Outputs.MyApplication"
                    ]
                  },
                  "DeploymentGroupName":{
                    "Fn::GetAtt":[
                      "CodeDeploySimpleStack",
                      "Outputs.MyDeploymentGroup"
                    ]
                  }
                },
                "RunOrder":1
              }
            ]
          },
          {
            "Name":"LambdaStage",
            "Actions":[
              {
                "InputArtifacts":[

                ],
                "Name":"MyLambdaAction",
                "ActionTypeId":{
                  "Category":"Invoke",
                  "Owner":"AWS",
                  "Version":"1",
                  "Provider":"Lambda"
                },
                "OutputArtifacts":[

                ],
                "Configuration":{
                  "FunctionName":{
                    "Ref":"CodePipelineLambdaTest"
                  },
                  "UserParameters":{
                    "Fn::Join":[
                      "",
                      [
                        "http://",
                        {
                          "Fn::GetAtt":[
                            "CodeDeployEC2InstancesStack",
                            "Outputs.PublicIp"
                          ]
                        }
                      ]
                    ]
                  }
                },
                "RunOrder":1
              }
            ]
          },
          {
            "Name":"Production",
            "Actions":[
              {
                "InputArtifacts":[
                  {
                    "Name":"MyApp"
                  }
                ],
                "Name":"Deploy-Second-Deployment",
                "ActionTypeId":{
                  "Category":"Deploy",
                  "Owner":"AWS",
                  "Version":"1",
                  "Provider":"CodeDeploy"
                },
                "OutputArtifacts":[

                ],
                "Configuration":{
                  "ApplicationName":{
                    "Fn::GetAtt":[
                      "CodeDeploySimpleStack",
                      "Outputs.MyApplication"
                    ]
                  },
                  "DeploymentGroupName":{
                    "Fn::GetAtt":[
                      "CodeDeploySimpleStack",
                      "Outputs.MyDeploymentGroup"
                    ]
                  }
                },
                "RunOrder":1
              }
            ]
          }
        ],
        "ArtifactStore":{
          "Type":"S3",
          "Location":{
            "Ref":"S3Bucket"
          }
        }
      }
    }
  },
  "Outputs":{
    "StackName":{
      "Value":{
        "Ref":"AWS::StackName"
      }
    },
    "LambdaFunctionName":{
      "Value":{
        "Ref":"CodePipelineLambdaTest"
      }
    }
  }
}